age,price,mileage,model,make,year
5,21.45,50.07,328,BMW,2014
5,29.888,30.717,328,BMW,2014
5,22.988,36.824,328,BMW,2014
3,27.95,8.575,328,BMW,2016
10,11.888,139.088,328,BMW,2009
11,8.999,100,328,BMW,2008
6,15.997,77.585,328,BMW,2013
4,20.9,45.802,328,BMW,2015
4,25.997,30.915,328,BMW,2015
7,19.988,45.94,328,BMW,2012
4,27.877,13.761,328,BMW,2015
5,28.5,22.906,328,BMW,2014
5,23.983,31.269,328,BMW,2014
11,9.998,114.277,328,BMW,2008
6,16.982,62.511,328,BMW,2013
12,8.657,96.952,328,BMW,2007
5,22.751,36.023,328,BMW,2014
12,9.998,106.93,328,BMW,2007
5,27.9,14.066,328,BMW,2014
5,25,39.714,328,BMW,2014
4,22.981,42.704,328,BMW,2015
12,5.699,141.228,328,BMW,2007
5,24.707,27.914,328,BMW,2014
3,24.394,25.696,328,BMW,2016
5,25.988,28.155,328,BMW,2014
5,25.778,31.401,328,BMW,2014
5,23.988,39.308,328,BMW,2014
4,25.982,21.441,328,BMW,2015
5,23.777,24.178,328,BMW,2014
5,30.9,31.912,328,BMW,2014
7,17.85,37.35,328,BMW,2012
3,33.977,0.04,328,BMW,2016
5,28.9,23.872,328,BMW,2014
5,24.997,40.424,328,BMW,2014
6,17.888,80.396,328,BMW,2013
5,25.998,43.925,328,BMW,2014
6,20.995,29.519,328,BMW,2013
11,9.777,102.865,328,BMW,2008
5,22.876,22.969,328,BMW,2014
5,23.477,43.301,328,BMW,2014
5,23.99,31.053,328,BMW,2014
5,28.9,48.179,328,BMW,2014
3,29.5,8.833,328,BMW,2016
5,23.599,18.407,328,BMW,2014
5,26.991,11.936,328,BMW,2014
4,27.981,17.797,328,BMW,2015
9,13.998,81.578,328,BMW,2010
8,17.995,29.947,328,BMW,2011
5,21.656,56.002,328,BMW,2014
5,29.898,25.2,328,BMW,2014
12,9.75,111.24,328,BMW,2007
5,28.5,40.502,328,BMW,2014
5,23.856,40.782,328,BMW,2014
8,16.877,45.569,328,BMW,2011
5,23.5,34.999,328,BMW,2014
6,15.995,85.565,328,BMW,2013
10,10.995,70.489,328,BMW,2009
8,14.995,92.235,328,BMW,2011
5,25.98,27.419,328,BMW,2014
8,13.995,92.426,328,BMW,2011
8,16.997,38.354,328,BMW,2011
8,13.975,74.474,328,BMW,2011
5,26.88,34.549,328,BMW,2014
4,33.88,21.449,328,BMW,2015
4,36.6,24.779,328,BMW,2015
6,17,74.86,328,BMW,2013
5,19.9,61.303,328,BMW,2014
5,25.88,43.669,328,BMW,2014
10,11.972,92.773,328,BMW,2009
6,19.769,36.707,328,BMW,2013
8,13.995,56,328,BMW,2011
8,14,97.114,328,BMW,2011
6,23.99,41.344,328,BMW,2013
5,27.77,17.262,328,BMW,2014
5,24.99,38.132,328,BMW,2014
8,15.497,75.344,328,BMW,2011
6,18.099,61.951,328,BMW,2013
5,28.98,23.359,328,BMW,2014
5,24.236,54.697,328,BMW,2014
6,19.999,41.583,328,BMW,2013
8,13.98,94.744,328,BMW,2011
5,22.984,21.919,328,BMW,2014
8,14.298,70.982,328,BMW,2011
4,29.288,23.617,328,BMW,2015
10,12,85.091,328,BMW,2009
5,27,51.059,328,BMW,2014
8,14.879,68.543,328,BMW,2011
11,8.295,123.636,328,BMW,2008
8,14.988,72.747,328,BMW,2011
6,18.99,38.927,328,BMW,2013
8,14.96,64.434,328,BMW,2011
5,27.699,31.397,328,BMW,2014
5,26.21,31.118,328,BMW,2014
5,26.95,24.629,328,BMW,2014
10,11.995,75.1,328,BMW,2009
5,22.495,20.734,328,BMW,2014
5,25.931,33.752,328,BMW,2014
5,22.98,36.755,328,BMW,2014
5,25.356,30.232,328,BMW,2014
8,11.98,111.27,328,BMW,2011
12,10.498,165.045,Accord,Honda,2007
3,37.773,25.516,Accord,Honda,2016
5,30.587,29.331,Accord,Honda,2014
3,30.999,33.249,Accord,Honda,2016
2,33.995,14.666,Accord,Honda,2017
3,31.848,42.134,Accord,Honda,2016
6,31.368,52.126,Accord,Honda,2013
5,31.998,28.835,Accord,Honda,2014
7,25.448,48.765,Accord,Honda,2012
4,29.995,29.387,Accord,Honda,2015
14,9.45,151.714,Accord,Honda,2005
3,29.98,43.384,Accord,Honda,2016
4,34.187,31.482,Accord,Honda,2015
3,46.998,7.913,Accord,Honda,2016
3,29.999,38.746,Accord,Honda,2016
13,11.988,165.348,Accord,Honda,2006
15,6.998,205.194,Accord,Honda,2004
11,13.491,114.078,Accord,Honda,2008
3,37,16.856,Accord,Honda,2016
5,35.988,32.368,Accord,Honda,2014
3,31.23,32.709,Accord,Honda,2016
12,8.499,204.534,Accord,Honda,2007
16,5.495,237.931,Accord,Honda,2003
4,30.988,36.991,Accord,Honda,2015
3,41.969,15.649,Accord,Honda,2016
3,33.486,15.851,Accord,Honda,2016
15,9.999,136,Accord,Honda,2004
2,43.995,12.504,Accord,Honda,2017
14,12.777,118.728,Accord,Honda,2005
3,29.675,30.128,Accord,Honda,2016
3,34.988,10.416,Accord,Honda,2016
12,11.995,108.987,Accord,Honda,2007
3,33.888,65.652,Accord,Honda,2016
8,30.998,40.931,Accord,Honda,2011
14,10.995,183.015,Accord,Honda,2005
3,35.989,8.415,Accord,Honda,2016
5,36.964,29.09,Accord,Honda,2014
19,6.999,177,Accord,Honda,2000
4,29.495,47.107,Accord,Honda,2015
4,48.988,38.002,Accord,Honda,2015
5,29.995,16.92,Accord,Honda,2014
3,28.998,42.385,Accord,Honda,2016
3,46.995,16.017,Accord,Honda,2016
7,33.879,30.525,Accord,Honda,2012
3,29.888,47.146,Accord,Honda,2016
5,34.895,47.904,Accord,Honda,2014
12,11.98,151.914,Accord,Honda,2007
10,17.688,63.82,Accord,Honda,2009
20,4.357,177.205,Accord,Honda,1999
5,31.999,29.247,Accord,Honda,2014
8,15.99,63.85,Altima,Nissan,2011
3,24.977,19.865,Altima,Nissan,2016
4,16.746,35.908,Altima,Nissan,2015
4,21.764,16.112,Altima,Nissan,2015
7,17.95,35.872,Altima,Nissan,2012
6,19.998,53.278,Altima,Nissan,2013
9,20.987,51.556,Altima,Nissan,2010
5,20.385,62.177,Altima,Nissan,2014
4,24.888,28.907,Altima,Nissan,2015
4,15.48,39.028,Altima,Nissan,2015
3,21.65,48.045,Altima,Nissan,2016
5,24.987,20.847,Altima,Nissan,2014
4,17.2,17.4,Altima,Nissan,2015
12,9.995,144.422,Altima,Nissan,2007
9,11.999,81.965,Altima,Nissan,2010
5,20.843,43.901,Altima,Nissan,2014
4,12.688,49.849,Altima,Nissan,2015
7,19.7,51.35,Altima,Nissan,2012
3,22,17.706,Altima,Nissan,2016
3,18.5,40.034,Altima,Nissan,2016
13,9.989,127.242,Altima,Nissan,2006
3,16.998,14.568,Altima,Nissan,2016
3,27.995,18.306,Altima,Nissan,2016
4,18.9,54.727,Altima,Nissan,2015
4,29.995,27.681,Altima,Nissan,2015
15,6.666,135.9,Altima,Nissan,2004
10,13.99,150.782,Altima,Nissan,2009
5,20.675,43.127,Altima,Nissan,2014
13,9.987,112.994,Altima,Nissan,2006
5,15.7,38.925,Altima,Nissan,2014
4,24.459,21.29,Altima,Nissan,2015
5,19.99,41.078,Altima,Nissan,2014
10,17.197,78.621,Altima,Nissan,2009
6,22.488,28.338,Altima,Nissan,2013
3,29.877,15.253,Altima,Nissan,2016
4,24.95,52.949,Altima,Nissan,2015
8,12.999,145.622,Altima,Nissan,2011
14,11.99,125.244,Altima,Nissan,2005
5,27.5,23.996,Altima,Nissan,2014
4,18.999,62.567,Altima,Nissan,2015
3,22.466,36.697,Altima,Nissan,2016
5,14.49,25.967,Altima,Nissan,2014
5,21.998,27.22,Altima,Nissan,2014
4,22.924,30.154,Altima,Nissan,2015
5,13.497,42.687,Altima,Nissan,2014
13,11.99,118.712,Altima,Nissan,2006
6,18.991,83.509,Altima,Nissan,2013
4,23.763,25.684,Altima,Nissan,2015
8,15.388,112.43,Altima,Nissan,2011
5,22.598,34.903,Altima,Nissan,2014
4,31.981,22.551,Cclass,Mercedes,2015
4,30.995,16.503,Cclass,Mercedes,2015
4,29.777,32.171,Cclass,Mercedes,2015
4,36,47.144,Cclass,Mercedes,2015
4,30.981,22.968,Cclass,Mercedes,2015
8,13.998,85,Cclass,Mercedes,2011
2,34.9,7.856,Cclass,Mercedes,2017
4,29.85,25.617,Cclass,Mercedes,2015
4,34.75,3.434,Cclass,Mercedes,2015
4,28.998,20.264,Cclass,Mercedes,2015
2,34.981,2.86,Cclass,Mercedes,2017
5,22.975,22.479,Cclass,Mercedes,2014
5,25.995,20.285,Cclass,Mercedes,2014
5,26.981,37.519,Cclass,Mercedes,2014
3,32.999,15.844,Cclass,Mercedes,2016
12,8.495,118.034,Cclass,Mercedes,2007
5,24.401,37.953,Cclass,Mercedes,2014
10,12,82.419,Cclass,Mercedes,2009
2,32.883,6.406,Cclass,Mercedes,2017
5,23.991,39.429,Cclass,Mercedes,2014
5,56.695,49.077,Cclass,Mercedes,2014
9,15.881,27.682,Cclass,Mercedes,2010
2,34.9,12.533,Cclass,Mercedes,2017
5,21.975,33.411,Cclass,Mercedes,2014
5,17.953,58.099,Cclass,Mercedes,2014
4,31.588,17.254,Cclass,Mercedes,2015
4,26.988,33.487,Cclass,Mercedes,2015
8,15.99,45.337,Cclass,Mercedes,2011
4,32.988,26.075,Cclass,Mercedes,2015
10,12.5,110.643,Cclass,Mercedes,2009
5,25.97,31.065,Cclass,Mercedes,2014
4,28.961,39.442,Cclass,Mercedes,2015
4,29.982,37.987,Cclass,Mercedes,2015
6,15.997,70.492,Cclass,Mercedes,2013
2,35.981,7.611,Cclass,Mercedes,2017
4,29.981,29.166,Cclass,Mercedes,2015
8,13.481,70.776,Cclass,Mercedes,2011
3,28.799,31.462,Cclass,Mercedes,2016
3,32.988,7.099,Cclass,Mercedes,2016
4,27.998,17.427,Cclass,Mercedes,2015
4,26.981,35.49,Cclass,Mercedes,2015
4,34.5,17.99,Cclass,Mercedes,2015
3,38.988,11.109,Cclass,Mercedes,2016
4,32.482,25.221,Cclass,Mercedes,2015
11,10.674,95.234,Cclass,Mercedes,2008
5,30.98,8.054,Cclass,Mercedes,2014
6,21.99,45.168,Cclass,Mercedes,2013
6,17.6,40,Cclass,Mercedes,2013
4,25.975,27.82,Cclass,Mercedes,2015
2,32.998,22.52,Cclass,Mercedes,2017
14,6.995,121.273,Cherokee,Jeep,2005
4,31.99,27.124,Cherokee,Jeep,2015
12,10.995,91.793,Cherokee,Jeep,2007
5,24.988,37.721,Cherokee,Jeep,2014
6,18.975,82.589,Cherokee,Jeep,2013
12,8.495,109.104,Cherokee,Jeep,2007
5,30.497,36.238,Cherokee,Jeep,2014
5,27.938,42.492,Cherokee,Jeep,2014
13,5.592,149.342,Cherokee,Jeep,2006
14,8.99,109.98,Cherokee,Jeep,2005
6,14.695,124.644,Cherokee,Jeep,2013
8,19.999,71.289,Cherokee,Jeep,2011
4,30.338,30.603,Cherokee,Jeep,2015
5,20.995,81.8,Cherokee,Jeep,2014
7,18.49,55.206,Cherokee,Jeep,2012
4,35.5,30,Cherokee,Jeep,2015
9,7.988,110.589,Cherokee,Jeep,2010
5,23.995,34.084,Cherokee,Jeep,2014
4,27.294,4.61,Cherokee,Jeep,2015
2,37.295,23.374,Cherokee,Jeep,2017
5,28.9,34.483,Cherokee,Jeep,2014
6,25.902,46.192,Cherokee,Jeep,2013
7,17.999,62.991,Cherokee,Jeep,2012
6,23.225,54.552,Cherokee,Jeep,2013
8,14.199,70.515,Cherokee,Jeep,2011
4,29.678,47.017,Cherokee,Jeep,2015
5,26.999,52.047,Cherokee,Jeep,2014
5,32.5,41.588,Cherokee,Jeep,2014
13,4.999,146.65,Cherokee,Jeep,2006
4,26.997,46.091,Cherokee,Jeep,2015
8,15.988,86.883,Cherokee,Jeep,2011
4,31.989,29.818,Cherokee,Jeep,2015
4,26.987,45.477,Cherokee,Jeep,2015
15,6.995,114.494,Cherokee,Jeep,2004
4,35.998,6.721,Cherokee,Jeep,2015
4,29.998,25.942,Cherokee,Jeep,2015
4,29.9,17.646,Cherokee,Jeep,2015
15,2.695,185,Cherokee,Jeep,2004
5,25.998,40.4,Cherokee,Jeep,2014
4,26.998,60.25,Cherokee,Jeep,2015
9,11.995,86.722,Cherokee,Jeep,2010
4,30.983,26.84,Cherokee,Jeep,2015
5,30.891,82.88,Cherokee,Jeep,2014
12,12.944,72.013,Cherokee,Jeep,2007
4,35.983,41.417,Cherokee,Jeep,2015
4,32.888,30.479,Cherokee,Jeep,2015
3,24.79,28.185,Cherokee,Jeep,2016
4,33.987,33.116,Cherokee,Jeep,2015
5,26.75,43.605,Cherokee,Jeep,2014
4,28.977,15.165,Cherokee,Jeep,2015
4,31.495,55.128,Eclass,Mercedes,2015
5,35.998,35.805,Eclass,Mercedes,2014
5,26.695,55.807,Eclass,Mercedes,2014
4,38.866,24.053,Eclass,Mercedes,2015
5,39.851,13.003,Eclass,Mercedes,2014
4,36.788,37.497,Eclass,Mercedes,2015
14,7.299,210.56,Eclass,Mercedes,2005
3,39.995,21.432,Eclass,Mercedes,2016
7,21.7,73.407,Eclass,Mercedes,2012
9,17.995,72.825,Eclass,Mercedes,2010
3,46.387,11.323,Eclass,Mercedes,2016
5,27.295,33.112,Eclass,Mercedes,2014
2,57.992,3.8,Eclass,Mercedes,2017
5,37.981,13.827,Eclass,Mercedes,2014
5,26.995,39.499,Eclass,Mercedes,2014
9,11.995,81.699,Eclass,Mercedes,2010
6,18.742,85.71,Eclass,Mercedes,2013
4,38.496,18.533,Eclass,Mercedes,2015
12,7.999,145.235,Eclass,Mercedes,2007
5,48.961,17.322,Eclass,Mercedes,2014
4,31.995,32.551,Eclass,Mercedes,2015
2,56.695,5.472,Eclass,Mercedes,2017
5,34.995,35.875,Eclass,Mercedes,2014
4,35.877,35.786,Eclass,Mercedes,2015
4,25.9,53.268,Eclass,Mercedes,2015
13,8.495,84.227,Eclass,Mercedes,2006
10,6.99,131.274,Eclass,Mercedes,2009
10,14.499,62.321,Eclass,Mercedes,2009
14,6.998,129.754,Eclass,Mercedes,2005
4,43.499,14,Eclass,Mercedes,2015
4,29.995,41.773,Eclass,Mercedes,2015
4,43.85,10.418,Eclass,Mercedes,2015
5,27.485,33.976,Eclass,Mercedes,2014
5,32,44.306,Eclass,Mercedes,2014
8,22.995,45.919,Eclass,Mercedes,2011
16,5.942,134.05,Eclass,Mercedes,2003
9,13.997,114.654,Eclass,Mercedes,2010
7,24.988,33.801,Eclass,Mercedes,2012
6,21.995,28.7,Eclass,Mercedes,2013
5,29.995,29.956,Eclass,Mercedes,2014
2,56.484,9.329,Eclass,Mercedes,2017
5,25.995,46.389,Eclass,Mercedes,2014
4,29.195,50.026,Eclass,Mercedes,2015
11,9.995,119.744,Eclass,Mercedes,2008
14,3.995,160.57,Eclass,Mercedes,2005
5,41.998,39.542,Eclass,Mercedes,2014
4,42.753,10.826,Eclass,Mercedes,2015
4,41.995,23.466,Eclass,Mercedes,2015
5,31.998,32.07,Eclass,Mercedes,2014
4,32.995,23.32,Eclass,Mercedes,2015
6,15.976,49.351,Equinox,Chevy,2013
6,17.9,58.273,Equinox,Chevy,2013
12,7.495,83,Equinox,Chevy,2007
3,22.999,23.865,Equinox,Chevy,2016
8,14.999,75.336,Equinox,Chevy,2011
3,19.99,39.304,Equinox,Chevy,2016
3,19.847,31.035,Equinox,Chevy,2016
5,17.969,43.956,Equinox,Chevy,2014
4,17.5,38.453,Equinox,Chevy,2015
4,15.888,29.492,Equinox,Chevy,2015
4,15.732,42.171,Equinox,Chevy,2015
4,24.995,30.898,Equinox,Chevy,2015
5,24.995,18.733,Equinox,Chevy,2014
4,18.5,27.254,Equinox,Chevy,2015
4,28.495,27.602,Equinox,Chevy,2015
5,17.995,29.711,Equinox,Chevy,2014
9,10.499,78.15,Equinox,Chevy,2010
8,8.75,183.871,Equinox,Chevy,2011
5,18.969,33.306,Equinox,Chevy,2014
6,20.998,26.307,Equinox,Chevy,2013
5,16.498,37.118,Equinox,Chevy,2014
4,19.995,19.715,Equinox,Chevy,2015
4,14.559,37.638,Equinox,Chevy,2015
4,15.25,34.963,Equinox,Chevy,2015
3,23.988,24.441,Equinox,Chevy,2016
7,11.5,96.932,Equinox,Chevy,2012
4,23.495,36.985,Equinox,Chevy,2015
9,10.995,116.109,Equinox,Chevy,2010
6,15.874,12.865,Equinox,Chevy,2013
6,15.986,39.389,Equinox,Chevy,2013
4,19.498,36.92,Equinox,Chevy,2015
4,14.989,55.572,Equinox,Chevy,2015
6,16.987,53.006,Equinox,Chevy,2013
6,14.99,51.875,Equinox,Chevy,2013
5,15.573,51.239,Equinox,Chevy,2014
8,12.583,80.491,Equinox,Chevy,2011
5,15.599,28.08,Equinox,Chevy,2014
6,13.988,73.34,Equinox,Chevy,2013
8,12.9,61.698,Equinox,Chevy,2011
4,19.888,41.795,Equinox,Chevy,2015
5,17.995,32.512,Equinox,Chevy,2014
4,19.688,20.292,Equinox,Chevy,2015
8,10.895,47.461,Equinox,Chevy,2011
5,21.943,43.603,Equinox,Chevy,2014
6,15.977,52.158,Equinox,Chevy,2013
9,12.888,72.787,Equinox,Chevy,2010
9,5.3,180,Equinox,Chevy,2010
4,16.995,58,Equinox,Chevy,2015
4,16.968,19.956,Equinox,Chevy,2015
4,23.998,26.019,Equinox,Chevy,2015
4,16.988,26.307,Escape,Ford,2015
9,8.852,87.23,Escape,Ford,2010
5,12.998,91.272,Escape,Ford,2014
3,18.999,21.885,Escape,Ford,2016
13,5.449,89.82,Escape,Ford,2006
3,19.995,20.348,Escape,Ford,2016
5,18.3,35.279,Escape,Ford,2014
4,23.9,39.207,Escape,Ford,2015
3,20.995,28.165,Escape,Ford,2016
3,19.195,20.231,Escape,Ford,2016
4,18.995,19.609,Escape,Ford,2015
3,19.995,29.374,Escape,Ford,2016
6,12.8,73,Escape,Ford,2013
6,15.9,42.088,Escape,Ford,2013
5,17.9,25.161,Escape,Ford,2014
11,8,83.029,Escape,Ford,2008
3,21.97,27.916,Escape,Ford,2016
5,17.995,44.562,Escape,Ford,2014
6,16.795,33.091,Escape,Ford,2013
7,10.999,88.356,Escape,Ford,2012
8,11.999,90.925,Escape,Ford,2011
3,18.888,53.472,Escape,Ford,2016
2,32.157,2.198,Escape,Ford,2017
6,15.995,70.921,Escape,Ford,2013
5,17.425,37.712,Escape,Ford,2014
11,8.995,66.199,Escape,Ford,2008
4,17.998,30.969,Escape,Ford,2015
9,10.988,62.491,Escape,Ford,2010
5,15.775,64.081,Escape,Ford,2014
6,13.3,67.159,Escape,Ford,2013
3,18.888,39.949,Escape,Ford,2016
5,22.777,31.226,Escape,Ford,2014
5,20.9,35.927,Escape,Ford,2014
5,17.995,51.956,Escape,Ford,2014
4,16.795,40.26,Escape,Ford,2015
2,24.988,14.101,Escape,Ford,2017
7,13.449,60.241,Escape,Ford,2012
5,18.995,47.827,Escape,Ford,2014
4,18.382,28.77,Escape,Ford,2015
5,17.9,25.161,Escape,Ford,2014
10,7.495,137.365,Escape,Ford,2009
5,19.995,78.266,Escape,Ford,2014
10,7.995,119.145,Escape,Ford,2009
8,10.988,90.749,Escape,Ford,2011
11,7.91,107.106,Escape,Ford,2008
3,19.995,28.795,Escape,Ford,2016
11,7.995,110.68,Escape,Ford,2008
4,18.382,28.77,Escape,Ford,2015
5,20.995,14.714,Escape,Ford,2014
2,24.988,17.841,Escape,Ford,2017
9,10.988,62.491,Escape,Ford,2010
8,9.999,94.299,Escape,Ford,2011
6,19.888,55.107,Escape,Ford,2013
5,16.566,63.259,Escape,Ford,2014
5,22.995,18.381,Escape,Ford,2014
10,8.5,104.522,Escape,Ford,2009
5,18.3,35.279,Escape,Ford,2014
2,35.05,1.983,Escape,Ford,2017
3,18.999,21.885,Escape,Ford,2016
7,16.995,30.389,Escape,Ford,2012
3,17.15,25.284,Escape,Ford,2016
7,14.325,62.167,Escape,Ford,2012
2,32.992,2.618,Escape,Ford,2017
5,18.692,42.998,Escape,Ford,2014
2,24.888,8.793,Escape,Ford,2017
6,15.995,44.47,Escape,Ford,2013
5,17.995,33.357,Escape,Ford,2014
4,18.9,36.165,Escape,Ford,2015
6,15.9,42.088,Escape,Ford,2013
8,11.999,90.925,Escape,Ford,2011
6,13.5,81.616,Escape,Ford,2013
4,18.9,36.165,Escape,Ford,2015
3,24.995,16.983,Escape,Ford,2016
5,16.566,63.259,Escape,Ford,2014
6,15.995,70.476,Escape,Ford,2013
5,18.995,42.046,Escape,Ford,2014
5,20.495,7.004,Escape,Ford,2014
6,14,63.104,Escape,Ford,2013
2,28.992,1.992,Escape,Ford,2017
4,19.888,38.423,Escape,Ford,2015
2,30.028,2.012,Escape,Ford,2017
2,25.888,0.006,Escape,Ford,2017
2,36.042,2.084,Escape,Ford,2017
2,20.388,24.133,Escape,Ford,2017
5,16.664,51.437,Escape,Ford,2014
8,10.988,90.749,Escape,Ford,2011
3,19.195,20.231,Escape,Ford,2016
2,20.388,24.133,Escape,Ford,2017
5,17.995,51.956,Escape,Ford,2014
2,26.979,8.812,Escape,Ford,2017
4,18.382,28.77,Escape,Ford,2015
4,17.388,45.733,Escape,Ford,2015
5,18.888,38.87,Escape,Ford,2014
6,14.2,39.443,Escape,Ford,2013
2,23.888,14.751,Escape,Ford,2017
5,17.995,34.5,Escape,Ford,2014
3,25.9,14.793,Escape,Ford,2016
5,15.944,51.285,Escape,Ford,2014
3,21.995,33.918,Escape,Ford,2016
8,9.999,94.299,Escape,Ford,2011
3,27.995,18.306,Frontier,Nissan,2016
12,9.995,144.422,Frontier,Nissan,2007
6,18.991,83.509,Frontier,Nissan,2013
5,13.497,42.687,Frontier,Nissan,2014
9,11.999,81.965,Frontier,Nissan,2010
3,29.877,15.253,Frontier,Nissan,2016
7,17.95,35.872,Frontier,Nissan,2012
8,15.99,63.85,Frontier,Nissan,2011
9,20.987,51.556,Frontier,Nissan,2010
5,20.385,62.177,Frontier,Nissan,2014
13,9.989,127.242,Frontier,Nissan,2006
4,23.763,25.684,Frontier,Nissan,2015
5,14.49,25.967,Frontier,Nissan,2014
4,24.95,52.949,Frontier,Nissan,2015
14,11.99,125.244,Frontier,Nissan,2005
5,24.987,20.847,Frontier,Nissan,2014
10,13.99,150.782,Frontier,Nissan,2009
5,21.998,27.22,Frontier,Nissan,2014
5,20.843,43.901,Frontier,Nissan,2014
15,6.666,135.9,Frontier,Nissan,2004
5,19.99,41.078,Frontier,Nissan,2014
3,22.466,36.697,Frontier,Nissan,2016
6,19.998,53.278,Frontier,Nissan,2013
3,22.466,36.697,Frontier,Nissan,2016
13,11.99,118.712,Frontier,Nissan,2006
4,29.995,27.681,Frontier,Nissan,2015
5,20.675,43.127,Frontier,Nissan,2014
7,19.7,51.35,Frontier,Nissan,2012
5,27.5,23.996,Frontier,Nissan,2014
4,24.459,21.29,Frontier,Nissan,2015
5,15.7,38.925,Frontier,Nissan,2014
5,22.598,34.903,Frontier,Nissan,2014
4,22.924,30.154,Frontier,Nissan,2015
6,22.488,28.338,Frontier,Nissan,2013
4,18.9,54.727,Frontier,Nissan,2015
3,21.65,48.045,Frontier,Nissan,2016
10,17.197,78.621,Frontier,Nissan,2009
8,15.388,112.43,Frontier,Nissan,2011
13,9.987,112.994,Frontier,Nissan,2006
8,12.999,145.622,Frontier,Nissan,2011
4,16.746,35.908,Frontier,Nissan,2015
4,12.688,49.849,Frontier,Nissan,2015
3,16.998,14.568,Frontier,Nissan,2016
4,21.764,16.112,Frontier,Nissan,2015
3,22,17.706,Frontier,Nissan,2016
4,18.999,62.567,Frontier,Nissan,2015
4,15.48,39.028,Frontier,Nissan,2015
3,24.977,19.865,Frontier,Nissan,2016
4,24.888,28.907,Frontier,Nissan,2015
3,18.5,40.034,Frontier,Nissan,2016
5,10.069,31.427,Jetta,VW,2014
5,13.5,33.565,Jetta,VW,2014
10,5.2,117,Jetta,VW,2009
5,13.5,30.441,Jetta,VW,2014
16,3.495,137.712,Jetta,VW,2003
5,12.645,33.49,Jetta,VW,2014
3,12.982,34.415,Jetta,VW,2016
7,6.4,84.77,Jetta,VW,2012
5,12.5,37.095,Jetta,VW,2014
5,12.395,43.409,Jetta,VW,2014
5,15.495,9.826,Jetta,VW,2014
5,12.999,27.264,Jetta,VW,2014
5,12.395,36.072,Jetta,VW,2014
6,9.969,77.861,Jetta,VW,2013
5,8.975,79.9,Jetta,VW,2014
4,9.995,53.489,Jetta,VW,2015
6,10.995,35.563,Jetta,VW,2013
8,8.888,61.38,Jetta,VW,2011
5,12.995,27.641,Jetta,VW,2014
5,13.995,35.535,Jetta,VW,2014
5,14.995,27.275,Jetta,VW,2014
3,23.539,11.886,Jetta,VW,2016
5,13.687,32.384,Jetta,VW,2014
5,12.695,35.678,Jetta,VW,2014
5,14.995,21.257,Jetta,VW,2014
7,9.999,75.06,Jetta,VW,2012
4,14.432,37.549,Jetta,VW,2015
5,7.995,41.721,Jetta,VW,2014
4,10.999,46.641,Jetta,VW,2015
4,10.995,30.125,Jetta,VW,2015
5,12.8,57.657,Jetta,VW,2014
5,10.183,28.499,Jetta,VW,2014
7,8.995,90.211,Jetta,VW,2012
5,14.499,38.634,Jetta,VW,2014
6,12.495,44.069,Jetta,VW,2013
6,9.5,73.739,Jetta,VW,2013
5,14.998,44.136,Jetta,VW,2014
5,12.49,29.371,Jetta,VW,2014
5,10.976,32.893,Jetta,VW,2014
4,10.749,48.087,Jetta,VW,2015
5,14.217,17.121,Jetta,VW,2014
3,14.888,23.113,Jetta,VW,2016
8,8.9,67.94,Jetta,VW,2011
5,12.29,65.321,Jetta,VW,2014
3,12.585,42.102,Jetta,VW,2016
5,11.982,52.298,Jetta,VW,2014
6,9.49,41.999,Jetta,VW,2013
6,9.995,55.8,Jetta,VW,2013
4,13.495,22.464,Jetta,VW,2015
5,16.3,77.384,Jetta,VW,2014
4,24.891,39.074,Outback,Subaru,2015
5,18.5,38.83,Outback,Subaru,2014
4,21.895,41.799,Outback,Subaru,2015
3,27,13.545,Outback,Subaru,2016
6,16.999,83.128,Outback,Subaru,2013
12,10.995,106.8,Outback,Subaru,2007
4,21.98,21.845,Outback,Subaru,2015
4,17.497,90.153,Outback,Subaru,2015
8,14.979,79.668,Outback,Subaru,2011
4,23.984,56.442,Outback,Subaru,2015
8,17.585,85.012,Outback,Subaru,2011
6,13.995,97.854,Outback,Subaru,2013
4,21.9,45.74,Outback,Subaru,2015
4,23.834,34.436,Outback,Subaru,2015
4,25,24.46,Outback,Subaru,2015
6,19.48,59.845,Outback,Subaru,2013
8,7.997,115.59,Outback,Subaru,2011
6,13.775,68.072,Outback,Subaru,2013
5,18.11,52.532,Outback,Subaru,2014
3,20.899,49.724,Outback,Subaru,2016
4,20.997,29.69,Outback,Subaru,2015
11,7.675,138.277,Outback,Subaru,2008
4,23.638,19.953,Outback,Subaru,2015
4,21.499,50.312,Outback,Subaru,2015
4,24.499,32.983,Outback,Subaru,2015
11,6.99,102.313,Outback,Subaru,2008
3,26.969,29.35,Outback,Subaru,2016
6,17.995,81.925,Outback,Subaru,2013
4,19.89,56.388,Outback,Subaru,2015
5,19.999,47.579,Outback,Subaru,2014
5,15.975,39.734,Outback,Subaru,2014
4,22.934,34.436,Outback,Subaru,2015
10,8.682,126.699,Outback,Subaru,2009
8,14.99,87.942,Outback,Subaru,2011
4,19.8,27.058,Outback,Subaru,2015
5,18.275,51.875,Outback,Subaru,2014
2,27.476,6.795,Outback,Subaru,2017
4,21.999,27.84,Outback,Subaru,2015
4,24.338,35.686,Outback,Subaru,2015
9,11.498,88.415,Outback,Subaru,2010
7,15.979,68.04,Outback,Subaru,2012
19,2.995,170.842,Outback,Subaru,2000
4,21.9,32.886,Outback,Subaru,2015
4,20.976,35.868,Outback,Subaru,2015
5,17.995,51.272,Outback,Subaru,2014
5,21.775,63.486,Outback,Subaru,2014
5,18.988,44.158,Outback,Subaru,2014
5,17.823,57.105,Outback,Subaru,2014
4,18.983,95.148,Outback,Subaru,2015
4,21.399,39.851,Outback,Subaru,2015
5,20.58,35.52,Outback,Subaru,2014
4,25.595,28.029,Outback,Subaru,2015
5,21.995,62.001,Outback,Subaru,2014
6,11.849,67.126,Outback,Subaru,2013
4,18.439,75.503,Outback,Subaru,2015
4,26.5,12.222,Outback,Subaru,2015
9,10.388,107.856,Outback,Subaru,2010
7,14.495,90.002,Outback,Subaru,2012
5,22.888,5.134,Outback,Subaru,2014
7,15.984,60.012,Outback,Subaru,2012
8,6.695,23.36,Outback,Subaru,2011
4,21.985,35.977,Outback,Subaru,2015
6,16.25,46.723,Outback,Subaru,2013
9,9.438,133.67,Outback,Subaru,2010
8,9.499,33.414,Outback,Subaru,2011
3,25.99,20.28,Outback,Subaru,2016
9,12.444,81.322,Outback,Subaru,2010
4,21.999,27.366,Outback,Subaru,2015
8,9.999,84.577,Outback,Subaru,2011
5,16.995,36.327,Outback,Subaru,2014
12,6.295,136.448,Outback,Subaru,2007
7,20.999,33.247,Outback,Subaru,2012
5,18.75,59.825,Outback,Subaru,2014
2,27.999,2.857,Outback,Subaru,2017
3,24.7,23.095,Outback,Subaru,2016
4,20.995,58.781,Outback,Subaru,2015
6,17.995,55.514,Outback,Subaru,2013
3,30.976,24.444,Outback,Subaru,2016
7,11.995,111.237,Outback,Subaru,2012
3,26.5,23.899,Outback,Subaru,2016
6,15.945,61.355,Outback,Subaru,2013
5,17.995,48.824,Outback,Subaru,2014
4,21.798,36.663,Outback,Subaru,2015
4,23.945,12.87,Outback,Subaru,2015
4,25.231,32.418,Outback,Subaru,2015
2,28.999,2.848,Outback,Subaru,2017
4,23.999,47.441,Outback,Subaru,2015
8,13.995,87.011,Outback,Subaru,2011
14,6.995,100.182,Outback,Subaru,2005
7,13.559,75.005,Outback,Subaru,2012
4,23.4,41.699,Outback,Subaru,2015
4,24.495,22.288,Outback,Subaru,2015
3,28.922,22.679,Outback,Subaru,2016
3,25,52.131,Outback,Subaru,2016
5,19.974,74.946,Outback,Subaru,2014
3,29.284,30.544,Outback,Subaru,2016
8,12.995,85.101,Outback,Subaru,2011
4,22.99,34.68,Outback,Subaru,2015
7,12,106.496,Outback,Subaru,2012
14,5.995,207.113,Outback,Subaru,2005
7,14.3,60.843,Rav4,Toyota,2012
7,17.436,56.677,Rav4,Toyota,2012
4,16.995,22,Rav4,Toyota,2015
6,14.577,98.251,Rav4,Toyota,2013
5,0,37.859,Rav4,Toyota,2014
4,21.75,32.59,Rav4,Toyota,2015
4,20.865,26.014,Rav4,Toyota,2015
4,19.999,36.512,Rav4,Toyota,2015
3,21.9,37.19,Rav4,Toyota,2016
4,21.5,22.526,Rav4,Toyota,2015
4,20.488,24.472,Rav4,Toyota,2015
6,17.495,55.135,Rav4,Toyota,2013
5,17.987,26.039,Rav4,Toyota,2014
10,11.998,108,Rav4,Toyota,2009
9,13.985,78.546,Rav4,Toyota,2010
4,21,61.963,Rav4,Toyota,2015
13,9.995,76.158,Rav4,Toyota,2006
5,17.695,77.743,Rav4,Toyota,2014
5,17.988,57.249,Rav4,Toyota,2014
5,16.9,64.563,Rav4,Toyota,2014
5,18.995,78.622,Rav4,Toyota,2014
5,17.963,28.843,Rav4,Toyota,2014
5,22.996,26.835,Rav4,Toyota,2014
5,16.5,43.114,Rav4,Toyota,2014
6,17.9,74.02,Rav4,Toyota,2013
5,18.791,25.258,Rav4,Toyota,2014
6,20.433,36.109,Rav4,Toyota,2013
5,21.9,48.909,Rav4,Toyota,2014
5,16.47,52.427,Rav4,Toyota,2014
4,19.611,16.097,Rav4,Toyota,2015
11,10.995,95.959,Rav4,Toyota,2008
5,18.461,43.602,Rav4,Toyota,2014
5,17.95,43.128,Rav4,Toyota,2014
4,22.606,35.73,Rav4,Toyota,2015
5,20.282,28.775,Rav4,Toyota,2014
9,12,70.866,Rav4,Toyota,2010
5,17.5,25,Rav4,Toyota,2014
4,19.987,8.333,Rav4,Toyota,2015
4,18.929,24.572,Rav4,Toyota,2015
12,6.495,184.923,Rav4,Toyota,2007
3,21.095,38.9,Rav4,Toyota,2016
13,5.995,153,Rav4,Toyota,2006
5,20.873,39.12,Rav4,Toyota,2014
5,18.69,37.885,Rav4,Toyota,2014
5,18.599,24.312,Rav4,Toyota,2014
4,23.974,30.79,Rav4,Toyota,2015
4,17.988,35.281,Rav4,Toyota,2015
6,15.948,65.731,Rav4,Toyota,2013
4,21.488,19.969,Rav4,Toyota,2015
4,17.488,53.071,Rav4,Toyota,2015
11,9.995,58.568,Rogue,Nissan,2008
8,10,111.413,Rogue,Nissan,2011
10,9.988,90.412,Rogue,Nissan,2009
6,13.475,60.483,Rogue,Nissan,2013
9,8.498,98.901,Rogue,Nissan,2010
8,9.39,94.973,Rogue,Nissan,2011
3,24.995,12.94,Rogue,Nissan,2016
4,20.999,32.448,Rogue,Nissan,2015
6,12.975,66.679,Rogue,Nissan,2013
5,18.497,22.611,Rogue,Nissan,2014
3,19.26,18.418,Rogue,Nissan,2016
8,8.535,130.678,Rogue,Nissan,2011
11,4.991,161.871,Rogue,Nissan,2008
7,13.995,70.503,Rogue,Nissan,2012
5,21.9,37.914,Rogue,Nissan,2014
4,17.995,49.243,Rogue,Nissan,2015
5,18.494,72.648,Rogue,Nissan,2014
4,22.998,12.515,Rogue,Nissan,2015
4,18.975,18.006,Rogue,Nissan,2015
4,20.704,29.713,Rogue,Nissan,2015
3,16.199,31.127,Rogue,Nissan,2016
5,15.983,71.474,Rogue,Nissan,2014
5,20.978,41.745,Rogue,Nissan,2014
4,24.313,21.956,Rogue,Nissan,2015
6,14.993,35.069,Rogue,Nissan,2013
8,11.395,68.72,Rogue,Nissan,2011
4,18.139,11.235,Rogue,Nissan,2015
10,6.977,186.596,Rogue,Nissan,2009
5,16.998,30.117,Rogue,Nissan,2014
5,21.988,36.41,Rogue,Nissan,2014
3,19.688,11.551,Rogue,Nissan,2016
4,22.995,16.482,Rogue,Nissan,2015
6,16.998,37.972,Rogue,Nissan,2013
8,7.5,109.265,Rogue,Nissan,2011
4,19.998,30.122,Rogue,Nissan,2015
9,11.495,94.935,Rogue,Nissan,2010
3,17.006,26.918,Rogue,Nissan,2016
4,21.897,45.412,Rogue,Nissan,2015
6,9.999,98.895,Rogue,Nissan,2013
3,22.818,25.136,Rogue,Nissan,2016
6,12.995,98.722,Rogue,Nissan,2013
10,8.495,101.573,Rogue,Nissan,2009
4,18.307,25.625,Rogue,Nissan,2015
6,13.499,77.729,Rogue,Nissan,2013
8,12.995,84.31,Rogue,Nissan,2011
5,21.607,42.214,Rogue,Nissan,2014
3,21,17.376,Rogue,Nissan,2016
3,22.998,23.411,Rogue,Nissan,2016
4,20.988,39.722,Rogue,Nissan,2015
4,19.995,17.059,Rogue,Nissan,2015
7,17.995,87.339,Silverado,Chevy,2012
5,25.425,24.384,Silverado,Chevy,2014
8,25.434,43.921,Silverado,Chevy,2011
5,26.995,62.911,Silverado,Chevy,2014
9,15.888,108.161,Silverado,Chevy,2010
4,30.96,44.098,Silverado,Chevy,2015
7,22.9,62.366,Silverado,Chevy,2012
5,25.425,24.384,Silverado,Chevy,2014
8,21.379,66.928,Silverado,Chevy,2011
8,17.959,54.527,Silverado,Chevy,2011
4,30.96,18.408,Silverado,Chevy,2015
5,28.96,46.049,Silverado,Chevy,2014
5,27.085,51.2,Silverado,Chevy,2014
8,25.434,43.921,Silverado,Chevy,2011
6,25.299,23.809,Silverado,Chevy,2013
13,9.9,139,Silverado,Chevy,2006
9,21.99,50.399,Silverado,Chevy,2010
4,32.588,40.043,Silverado,Chevy,2015
5,29.585,31.065,Silverado,Chevy,2014
5,30.388,32.312,Silverado,Chevy,2014
5,33,51.903,Silverado,Chevy,2014
5,36.995,20.942,Silverado,Chevy,2014
5,21.9,24.166,Silverado,Chevy,2014
5,28.9,34.245,Silverado,Chevy,2014
5,34.425,17.355,Silverado,Chevy,2014
11,20.5,106,Silverado,Chevy,2008
6,31.9,27.786,Silverado,Chevy,2013
6,28.9,37.415,Silverado,Chevy,2013
5,32.96,41.223,Silverado,Chevy,2014
4,31.5,21.695,Silverado,Chevy,2015
5,19.8,32.685,Silverado,Chevy,2014
14,13.895,161.09,Silverado,Chevy,2005
7,29.588,36.581,Silverado,Chevy,2012
5,28.685,47.667,Silverado,Chevy,2014
5,28.9,27.892,Silverado,Chevy,2014
8,25.775,55.313,Silverado,Chevy,2011
5,31.925,51.529,Silverado,Chevy,2014
5,33.585,20.697,Silverado,Chevy,2014
6,28.96,48.259,Silverado,Chevy,2013
5,33.888,17.714,Silverado,Chevy,2014
7,26.925,56.785,Silverado,Chevy,2012
5,44.99,15.716,Silverado,Chevy,2014
8,19.885,98.5,Silverado,Chevy,2011
8,24.888,37.172,Silverado,Chevy,2011
5,30.8,36.248,Silverado,Chevy,2014
5,24.885,50.646,Silverado,Chevy,2014
7,25.585,35.515,Silverado,Chevy,2012
5,29.675,36.739,Silverado,Chevy,2014
4,30.76,41.643,Silverado,Chevy,2015
10,19.995,64,Silverado,Chevy,2009
4,13,39.524,Soul,Kia,2015
4,17.977,15.138,Soul,Kia,2015
4,14.995,10.011,Soul,Kia,2015
5,12.995,13.899,Soul,Kia,2014
5,11.29,31.895,Soul,Kia,2014
8,9.19,41.762,Soul,Kia,2011
7,7.99,69.013,Soul,Kia,2012
6,9.991,44.91,Soul,Kia,2013
6,5.9,90.757,Soul,Kia,2013
8,12.988,28.752,Soul,Kia,2011
5,13,27.964,Soul,Kia,2014
3,13.599,14.791,Soul,Kia,2016
5,13.488,19.531,Soul,Kia,2014
4,13.331,42.662,Soul,Kia,2015
3,12.699,38.557,Soul,Kia,2016
7,9.888,48.505,Soul,Kia,2012
5,12,37.35,Soul,Kia,2014
5,14.998,14.184,Soul,Kia,2014
4,16.9,15.341,Soul,Kia,2015
5,13.815,43.242,Soul,Kia,2014
4,12.609,43.177,Soul,Kia,2015
5,10.994,67.01,Soul,Kia,2014
4,14.141,5.823,Soul,Kia,2015
4,12.988,32.199,Soul,Kia,2015
5,11.844,9.262,Soul,Kia,2014
5,9.798,78,Soul,Kia,2014
6,7.788,86.432,Soul,Kia,2013
9,5.995,100.769,Soul,Kia,2010
9,6.25,99.955,Soul,Kia,2010
3,13.9,32.13,Soul,Kia,2016
5,13.49,38.689,Soul,Kia,2014
5,12.99,32.663,Soul,Kia,2014
9,7.985,98.382,Soul,Kia,2010
5,9.995,59.963,Soul,Kia,2014
7,8.995,36.355,Soul,Kia,2012
5,12.391,37.963,Soul,Kia,2014
8,6.995,72.545,Soul,Kia,2011
4,10.888,31.311,Soul,Kia,2015
4,12.79,12.524,Soul,Kia,2015
3,12.95,35.517,Soul,Kia,2016
5,12.788,40.135,Soul,Kia,2014
4,12.343,42.604,Soul,Kia,2015
5,10.5,25.563,Soul,Kia,2014
5,10.988,73.943,Soul,Kia,2014
3,12.875,37.25,Soul,Kia,2016
4,10.99,34.858,Soul,Kia,2015
5,13.56,21.303,Soul,Kia,2014
3,19.995,16.191,Soul,Kia,2016
3,13.9,31.851,Soul,Kia,2016
8,6.995,59,Soul,Kia,2011
2,50.199,4.693,X3,BMW,2017
14,5.988,130.461,X3,BMW,2005
9,18.999,54.992,X3,BMW,2010
15,6.45,177,X3,BMW,2004
2,54.9,10.796,X3,BMW,2017
7,18.49,78.385,X3,BMW,2012
3,50.994,14.794,X3,BMW,2016
5,34.995,73.041,X3,BMW,2014
2,51.499,6.649,X3,BMW,2017
10,13.495,88.772,X3,BMW,2009
5,45.697,36.015,X3,BMW,2014
7,24.995,62.411,X3,BMW,2012
9,13.995,111.579,X3,BMW,2010
2,49.989,4.873,X3,BMW,2017
10,11.585,110.123,X3,BMW,2009
4,46.35,16.588,X3,BMW,2015
2,52.388,4.241,X3,BMW,2017
2,49.989,5.356,X3,BMW,2017
15,6.995,109.305,X3,BMW,2004
10,13.995,100.573,X3,BMW,2009
10,14.785,89.134,X3,BMW,2009
8,16.88,93.6,X3,BMW,2011
4,41.888,21.66,X3,BMW,2015
12,10.888,120.72,X3,BMW,2007
5,42.885,31.049,X3,BMW,2014
7,18.485,107.878,X3,BMW,2012
4,36.23,38.223,X3,BMW,2015
4,37.998,36.408,X3,BMW,2015
5,43.99,64.195,X3,BMW,2014
4,41.849,39.806,X3,BMW,2015
2,59.27,6.568,X3,BMW,2017
2,51.295,3.643,X3,BMW,2017
10,12.995,132.628,X3,BMW,2009
4,34.588,46.909,X3,BMW,2015
2,53.084,5.413,X3,BMW,2017
10,10.5,125.2,X3,BMW,2009
4,41.512,30.437,X3,BMW,2015
3,48.996,11.965,X3,BMW,2016
5,49.915,4.46,X3,BMW,2014
2,59.207,4.046,X3,BMW,2017
11,12.049,93.8,X3,BMW,2008
4,41.888,30.504,X3,BMW,2015
2,67.395,4.246,X3,BMW,2017
5,45.988,23.209,X3,BMW,2014
16,6.7,137.7,X3,BMW,2003
2,52.999,12.373,X3,BMW,2017
4,38.475,30.16,X3,BMW,2015
2,76.795,11.008,X3,BMW,2017
5,34.093,37.365,X3,BMW,2014
5,41.982,19.62,X3,BMW,2014
4,51.9,44.051,Yukon,GMC,2015
11,12.995,112.395,Yukon,GMC,2008
12,13.745,115.196,Yukon,GMC,2007
4,49.998,31.111,Yukon,GMC,2015
11,9.988,199.1,Yukon,GMC,2008
14,14.995,84,Yukon,GMC,2005
8,33.9,59,Yukon,GMC,2011
11,15.352,144.248,Yukon,GMC,2008
11,18.999,114.133,Yukon,GMC,2008
4,35.477,87.202,Yukon,GMC,2015
12,10.45,151.211,Yukon,GMC,2007
5,32.998,41.026,Yukon,GMC,2014
9,19.95,113.656,Yukon,GMC,2010
8,28.75,71.387,Yukon,GMC,2011
4,45.998,46.829,Yukon,GMC,2015
4,49,28,Yukon,GMC,2015
4,49,50.499,Yukon,GMC,2015
4,49.995,14.273,Yukon,GMC,2015
11,16.999,129.206,Yukon,GMC,2008
3,52.9,14.529,Yukon,GMC,2016
3,59.99,14.59,Yukon,GMC,2016
11,20.9,99,Yukon,GMC,2008
3,53.901,11.001,Yukon,GMC,2016
4,47.986,65.97,Yukon,GMC,2015
4,43.997,46.393,Yukon,GMC,2015
3,57.4,14.159,Yukon,GMC,2016
14,10.995,120,Yukon,GMC,2005
5,39.941,42.308,Yukon,GMC,2014
8,21.999,108.077,Yukon,GMC,2011
13,11.995,115.938,Yukon,GMC,2006
3,45.865,2.927,Yukon,GMC,2016
3,58.976,25.929,Yukon,GMC,2016
4,44.988,43.915,Yukon,GMC,2015
4,53.795,31.375,Yukon,GMC,2015
5,43.9,39.9,Yukon,GMC,2014
3,55.99,21.291,Yukon,GMC,2016
3,63.987,2.664,Yukon,GMC,2016
3,48.983,32.825,Yukon,GMC,2016
3,58.987,23.559,Yukon,GMC,2016
4,51.988,39.747,Yukon,GMC,2015
3,53.9,32.404,Yukon,GMC,2016
12,11.95,120.36,Yukon,GMC,2007
8,25.987,61.395,Yukon,GMC,2011
4,57.998,17.088,Yukon,GMC,2015
4,53.125,40.085,Yukon,GMC,2015
12,19.699,98.481,Yukon,GMC,2007
12,16.995,104.541,Yukon,GMC,2007
3,57.871,23.939,Yukon,GMC,2016
12,12.95,165,Yukon,GMC,2007
8,20.876,88.837,Yukon,GMC,2011
6,17.877,18.755,LaCrosse,Buick,2013
14,4.995,96.693,LaCrosse,Buick,2005
5,16.995,44.555,LaCrosse,Buick,2014
5,21,24.466,LaCrosse,Buick,2014
8,10.795,73.441,LaCrosse,Buick,2011
4,25.995,1.072,LaCrosse,Buick,2015
5,23.444,19.334,LaCrosse,Buick,2014
13,6.999,77.209,LaCrosse,Buick,2006
2,30.999,14.815,LaCrosse,Buick,2017
5,17.899,40.814,LaCrosse,Buick,2014
5,21.75,11.012,LaCrosse,Buick,2014
5,19.988,27.112,LaCrosse,Buick,2014
12,6.497,77,LaCrosse,Buick,2007
3,21.988,31.612,LaCrosse,Buick,2016
2,28.999,16.182,LaCrosse,Buick,2017
13,6.45,82.491,LaCrosse,Buick,2006
6,15.5,63,LaCrosse,Buick,2013
8,11.995,41.136,LaCrosse,Buick,2011
8,15.498,22.88,LaCrosse,Buick,2011
6,11.199,56.941,LaCrosse,Buick,2013
6,12.988,72.019,LaCrosse,Buick,2013
10,7.995,82.115,LaCrosse,Buick,2009
11,6.592,53.502,LaCrosse,Buick,2008
7,10.998,74.617,LaCrosse,Buick,2012
8,7.495,118.435,LaCrosse,Buick,2011
8,14.99,44.115,LaCrosse,Buick,2011
5,19.995,47.968,LaCrosse,Buick,2014
2,30.9,16.047,LaCrosse,Buick,2017
14,4.995,118.471,LaCrosse,Buick,2005
2,27.999,11.778,LaCrosse,Buick,2017
5,19.595,31.388,LaCrosse,Buick,2014
8,9.495,136.92,LaCrosse,Buick,2011
3,21.382,43.402,LaCrosse,Buick,2016
3,25.995,16.371,LaCrosse,Buick,2016
10,4.499,135.213,LaCrosse,Buick,2009
5,21.45,29.122,LaCrosse,Buick,2014
5,19.9,18.55,LaCrosse,Buick,2014
7,16.364,64.664,LaCrosse,Buick,2012
6,16.69,58.229,LaCrosse,Buick,2013
11,8.85,56.567,LaCrosse,Buick,2008
5,26.995,9.242,LaCrosse,Buick,2014
9,13.941,56.853,LaCrosse,Buick,2010
9,13.751,56.588,LaCrosse,Buick,2010
5,20.999,9.459,LaCrosse,Buick,2014
6,10.988,104.286,LaCrosse,Buick,2013
5,26.99,8.818,LaCrosse,Buick,2014
4,25.996,17.166,LaCrosse,Buick,2015
2,31.898,10.38,LaCrosse,Buick,2017
9,19.977,29.545,LaCrosse,Buick,2010
5,24.999,26.384,LaCrosse,Buick,2014
